estrato_hba1c,inercia_terapeutica,prevalencia
8.0–8.9,0.7314241486068112,73.14241486068111
9.0–9.9,0.6601830663615561,66.01830663615561
≥10,0.6004497751124438,60.04497751124438
