Variavel,OR,IC95_inf,IC95_sup,p_valor
const,13.102716211108637,7.175989363637203,23.924390548682645,5.505062685707821e-17
idade,0.9971559809210668,0.991634118860904,1.002708591177597,0.31477971264135884
sexo_masc,1.0252696641988968,0.8817451563841127,1.1921561198444468,0.745684752000636
hba1c,0.8414861818041552,0.8053262388026978,0.8792697419372395,1.3458767993642508e-14
